Node number ,AODV,DSR,DSDV
,,,
0, 40.156013 , 39.151622 , 35.133272 
1, 39.430128 , 34.960803 , 35.128727 
2, 39.424884 , 34.277754 , 35.059418 
3, 38.823796 , 34.296313 , 35.129015 
4, 39.426001 , 35.102181 , 35.129231 
5, 38.745242 , 34.952250 , 35.059370 
6, 39.424954 , 35.100286 , 35.059553 
7, 39.429571 , 35.068798 , 35.059572 
8, 39.429571 , 34.385390 , 35.059428 
9, 39.429571 , 35.097698 , 35.059409 
10, 39.429572 , 35.101319 , 35.059610 
11, 38.740697 , 35.097718 , 35.060028 
12, 39.351616 , 34.995173 , 35.060153 
13, 39.431910 , 35.103696 , 35.060095 
14, 39.429729 , 35.102045 , 35.060067 
15, 38.744695 , 35.102658 , 35.059865 
16, 39.733867 , 35.574180 , 35.130379 
